Utility_Name,Year,kWh,Value,Ratio
Barwon Water,2013-14,28093714.0,4427000.0,0.1575797347406612
Barwon Water,2014-15,26707294.0,4603000.0,0.17234992058723733
Barwon Water,2015-16,28952768.0,4690000.0,0.16198796605561167
Barwon Water,2016-17,28765463.0,4164000.0,0.1447569260400919
Barwon Water,2017-18,29248209.0,4317000.0,0.14759878117665257
Barwon Water,2018-19,29866318.0,6017000.0,0.2014644054884837
Barwon Water,2019-20,31470976.0,5855000.0,0.1860444366263061
Barwon Water,2020-21,28241251.0,4941000.0,0.174956838845418
Barwon Water,2021-22,26164557.0,4226000.0,0.16151620682895568
Barwon Water,2022-23,26253561.0,4165000.0,0.15864514531952445
Barwon Water,2023-24,25958392.0,4301000.0,0.16568822907058342
Barwon Water,2024-25,37410000.0,,
Central Highlands Water,2013-14,18446118.0,3752332.0,0.20342122933399862
Central Highlands Water,2014-15,19240246.0,3802490.0,0.19763208848784988
Central Highlands Water,2015-16,38195467.0,5601514.0,0.1466538948195083
Central Highlands Water,2016-17,37251030.0,4014953.0,0.10778099290140433
Central Highlands Water,2017-18,18974101.0,3364554.0,0.17732350006991107
Central Highlands Water,2018-19,22066000.0,2264000.0,0.10260128704794706
Central Highlands Water,2019-20,22635000.0,2391000.0,0.10563286944996686
Central Highlands Water,2020-21,22466000.0,1621000.0,0.0721534763642838
Central Highlands Water,2021-22,,1648000.0,
Central Highlands Water,2022-23,9198000.0,1677000.0,0.18232224396607957
Central Highlands Water,2023-24,9322000.0,1688000.0,0.18107702209826218
City West Water,2013-14,19730300.0,1307000.0,0.06624329077611592
City West Water,2014-15,5614308.0,1202000.0,0.21409584226586786
City West Water,2015-16,9485968.0,1690000.0,0.1781578854155949
City West Water,2016-17,,1486000.0,
City West Water,2017-18,,1608000.0,
City West Water,2018-19,,2286000.0,
City West Water,2019-20,11906000.0,2285000.0,0.19192004031580714
City West Water,2020-21,11268000.0,2005000.0,0.17793752218672346
Coliban,2013-14,,3951000.0,
Coliban,2014-15,,3741000.0,
Coliban,2015-16,,4157000.0,
Coliban,2016-17,,3183000.0,
Coliban,2017-18,23660000.0,5640000.0,0.23837700760777683
Coliban,2018-19,27851000.0,5758000.0,0.2067430253850849
Coliban,2019-20,25180000.0,4779000.0,0.1897934868943606
Coliban,2020-21,24906000.0,4088000.0,0.1641371557054525
Coliban,2021-22,25359200.0,4030000.0,0.15891668506892961
Coliban,2022-23,24228000.0,3890000.0,0.1605580320290573
Coliban,2023-24,25276000.0,4250000.0,0.1681436936224086
Coliban,2024-25,35804000.0,6566000.0,0.18338733102446653
East Gippsland Water,2013-14,5500000.0,1100000.0,0.2
East Gippsland Water,2014-15,5250000.0,915000.0,0.1742857142857143
East Gippsland Water,2015-16,5850000.0,1049000.0,0.17931623931623933
East Gippsland Water,2016-17,5300000.0,894000.0,0.16867924528301886
East Gippsland Water,2017-18,5544000.0,936000.0,0.16883116883116883
East Gippsland Water,2018-19,5829800.0,1251000.0,0.21458712134207006
East Gippsland Water,2019-20,5502500.0,1186000.0,0.21553839164016356
East Gippsland Water,2020-21,6095000.0,1243000.0,0.20393765381460213
East Gippsland Water,2021-22,6235000.0,1100000.0,0.1764234161988773
East Gippsland Water,2022-23,6774000.0,1198000.0,0.17685267198110421
East Gippsland Water,2023-24,6866000.0,1247000.0,0.18161957471599185
East Gippsland Water,2024-25,7116000.0,2103000.0,0.29553119730185495
GWMWater,2014-15,18383458.0,,
GWMWater,2015-16,17782150.0,,
GWMWater,2016-17,9792682.0,,
GWMWater,2017-18,14675981.0,,
GWMWater,2018-19,16055064.0,,
GWMWater,2019-20,13971354.0,3224000.0,0.2307578778692459
GWMWater,2020-21,14174624.0,2939000.0,0.2073423605451545
GWMWater,2021-22,14678896.0,2928000.0,0.1994700418887088
GWMWater,2022-23,13022700.0,2569000.0,0.1972709192410176
GWMWater,2023-24,13617000.0,2866000.0,0.21047220386281854
Goulburn Murray Water,2013-14,7359946.0,1745000.0,0.23709413085367745
Goulburn Murray Water,2014-15,7559441.0,1702000.0,0.22514892304867515
Goulburn Murray Water,2015-16,7498581.0,1693000.0,0.22577605016202398
Goulburn Murray Water,2016-17,6625159.0,1329000.0,0.20059895920988463
Goulburn Murray Water,2017-18,7108556.0,1554000.0,0.21860979923348708
Goulburn Murray Water,2018-19,7308000.0,1939000.0,0.2653256704980843
Goulburn Murray Water,2019-20,7289000.0,1713000.0,0.2350116614076005
Goulburn Murray Water,2020-21,8046000.0,1725000.0,0.21439224459358688
Goulburn Murray Water,2021-22,8713000.0,1550000.0,0.1778950992769425
Goulburn Murray Water,2022-23,7702000.0,1368000.0,0.17761620358348482
Goulburn Murray Water,2023-24,8723000.0,1550000.0,0.17769116129771867
Goulburn Valley Water,2013-14,19368248.0,4048000.0,0.2090018673862499
Goulburn Valley Water,2014-15,18707780.0,3833000.0,0.20488801985056485
Goulburn Valley Water,2015-16,22174996.0,4095000.0,0.1846674515747376
Goulburn Valley Water,2016-17,19667626.0,3994000.0,0.20307483984086336
Goulburn Valley Water,2017-18,22277024.0,4582000.0,0.2056827698349654
Goulburn Valley Water,2018-19,21724000.0,5586000.0,0.25713496593629165
Goulburn Valley Water,2019-20,22556000.0,5483000.0,0.24308388012058876
Goulburn Valley Water,2020-21,19774000.0,4096000.0,0.2071406897946799
Goulburn Valley Water,2021-22,21531000.0,4564000.0,0.2119734336538015
Goulburn Valley Water,2022-23,22399000.0,4090000.0,0.18259743738559758
Goulburn Valley Water,2023-24,21954000.0,4474000.0,0.20378974218821172
Greater Western Water,2020-21,34512000.0,2005000.0,0.05809573481687529
Greater Western Water,2021-22,36859000.0,6468000.0,0.17547953010119646
Greater Western Water,2022-23,35220000.0,5873000.0,0.16675184554230552
Greater Western Water,2023-24,34725000.0,6095000.0,0.17552195824334052
Lower Murray Water,2013-14,,5185000.0,
Lower Murray Water,2014-15,,5599000.0,
Lower Murray Water,2015-16,,6196000.0,
Lower Murray Water,2016-17,,5151000.0,
Lower Murray Water,2017-18,32624000.0,5704000.0,0.17484060814124572
Lower Murray Water,2018-19,,7705000.0,
Lower Murray Water,2019-20,30506130.0,6572000.0,0.21543211151332536
Lower Murray Water,2020-21,30454150.0,6994000.0,0.22965671345284633
Lower Murray Water,2021-22,29273230.0,6035000.0,0.2061610556812487
Lower Murray Water,2022-23,26002000.0,4917000.0,0.1891008383970464
Lower Murray Water,2023-24,30062000.0,5873000.0,0.19536291663894617
Melbourne Water,2016-17,157488000.0,30760000.0,0.19531646855633444
Melbourne Water,2017-18,480741000.0,30522000.0,0.0634894881027414
Melbourne Water,2018-19,482280000.0,36980000.0,0.0766774487849382
Melbourne Water,2019-20,363590000.0,47282000.0,0.13004208036524656
Melbourne Water,2020-21,330014000.0,42411000.0,0.12851272976297975
Melbourne Water,2021-22,330375000.0,41836000.0,0.1266318577374196
Melbourne Water,2022-23,218254000.0,35088000.0,0.16076681297937265
Melbourne Water,2023-24,188900000.0,31354000.0,0.16598200105876124
NE Water,2015-16,20000000.0,3389000.0,0.16945
NE Water,2016-17,20985291.0,3730000.0,0.1777435442758454
NE Water,2017-18,20899000.0,4410000.0,0.21101488109478922
NE Water,2018-19,20321000.0,4249000.0,0.20909404064760592
NE Water,2019-20,19972000.0,4028000.0,0.20168235529741638
NE Water,2020-21,20324000.0,3841000.0,0.18898838811257626
NE Water,2021-22,20666000.0,4306000.0,0.2083615600503242
NE Water,2022-23,22146000.0,5197000.0,0.23466991781811614
NE Water,2023-24,20667000.0,4433000.0,0.214496540378381
NE Water,2024-25,23373000.0,5154000.0,0.22051084584777308
South East Water,2013-14,17727383.0,2658197.0,0.14994864160152685
South East Water,2014-15,18566125.0,2635339.0,0.1419434049916178
South East Water,2015-16,15027408.0,2057886.0,0.13694217925007426
South East Water,2016-17,14766463.0,2173886.0,0.14721778668324298
South East Water,2017-18,28094871.0,3866543.0,0.1376245151650634
South East Water,2018-19,29915177.0,5827370.0,0.19479644061607926
South East Water,2019-20,30533920.0,6064708.0,0.19862199154252058
South East Water,2020-21,30002534.0,5351205.0,0.1783584346575526
South East Water,2021-22,29554452.0,4440498.0,0.15024802354650324
South East Water,2022-23,28898014.0,4504113.0,0.1558623717186932
South East Water,2023-24,27873297.0,4936310.0,0.1770981739261057
South East Water,2024-25,33590000.0,,
South Gippsland Water,2013-14,3530498.0,835914.0,0.2367694302616798
South Gippsland Water,2014-15,4193829.0,857470.0,0.20445993386950206
South Gippsland Water,2015-16,4497302.0,848000.0,0.1885574951381962
South Gippsland Water,2016-17,4519251.0,786000.0,0.17392262567403316
South Gippsland Water,2017-18,4722796.0,817473.0,0.17309089784949425
South Gippsland Water,2018-19,4876000.0,1090000.0,0.2235438884331419
South Gippsland Water,2019-20,5041600.0,1082000.0,0.21461440812440494
South Gippsland Water,2020-21,5038000.0,1072000.0,0.2127828503374355
South Gippsland Water,2021-22,4728000.0,862000.0,0.1823181049069374
South Gippsland Water,2022-23,4929000.0,877000.0,0.17792655711097585
South Gippsland Water,2023-24,5052000.0,875000.0,0.17319873317498022
TOTAL,2013-14,,39615598.0,
TOTAL,2014-15,,39344669.0,
TOTAL,2015-16,,46865842.0,
TOTAL,2016-17,,72750726.0,
TOTAL,2017-18,,80369823.0,
TOTAL,2018-19,,96738370.0,
TOTAL,2019-20,,105643708.0,
TOTAL,2020-21,,98300205.0,
TOTAL,2021-22,,94473498.0,
TOTAL,2022-23,,84507113.0,
TOTAL,2023-24,,84526310.0,
Wannon Water,2013-14,21083000.0,3280000.0,0.15557558222264384
Wannon Water,2014-15,20863000.0,3467000.0,0.1661793605905191
Wannon Water,2015-16,21693000.0,3668000.0,0.1690868021942562
Wannon Water,2016-17,20481000.0,3192000.0,0.15585176505053464
Wannon Water,2017-18,22558000.0,3554000.0,0.15754942814079262
Wannon Water,2018-19,21761000.0,4565000.0,0.20977896236386195
Wannon Water,2019-20,19273000.0,4074000.0,0.21138380117262492
Wannon Water,2020-21,18616000.0,4120000.0,0.2213149978513107
Wannon Water,2021-22,21764000.0,4152000.0,0.1907737548244808
Wannon Water,2022-23,20223000.0,3469000.0,0.1715373584532463
Wannon Water,2023-24,25002000.0,4392000.0,0.17566594672426206
Wannon Water,2024-25,30049000.0,6092000.0,0.20273553196445807
Western Water,2013-14,15419351.389,2821000.0,0.18295192377627967
Western Water,2014-15,13359924.444,2961000.0,0.2216329899477686
Western Water,2015-16,17428000.0,3319000.0,0.19044067018590774
Western Water,2016-17,15686000.0,3366000.0,0.21458625525946703
Western Water,2017-18,19916000.0,4038000.0,0.20275155653745733
Western Water,2018-19,24690000.0,4910000.0,0.19886593762656946
Western Water,2019-20,25596000.0,4849000.0,0.18944366307235505
Western Water,2020-21,25202000.0,4234000.0,0.16800253948099358
Westernport Water,2013-14,3374502.6,665155.0,0.1971120128933965
Westernport Water,2014-15,3575236.0,638370.0,0.1785532479534218
Westernport Water,2015-16,3413698.3,583442.0,0.1709119988723081
Westernport Water,2016-17,3119649.83,570887.0,0.1829971410605401
Westernport Water,2017-18,3632635.95,576253.0,0.15863219104022797
Westernport Water,2018-19,3813000.0,810000.0,0.21243115656963021
Westernport Water,2019-20,3432700.0,748000.0,0.2179042736038687
Westernport Water,2020-21,3647100.0,765000.0,0.2097556963066546
Westernport Water,2021-22,3593300.0,798000.0,0.2220799821890741
Westernport Water,2022-23,3593000.0,707000.0,0.19677150013915948
Westernport Water,2023-24,3523000.0,759000.0,0.2154413851830826
Westernport Water,2024-25,3306000.0,785000.0,0.23744706594071385
Yarra Valley Water,2013-14,27962101.67,3840000.0,0.13732873320176292
Yarra Valley Water,2014-15,28182203.33,3388000.0,0.12021771187753333
Yarra Valley Water,2015-16,29877876.11,3829000.0,0.1281550263446755
Yarra Valley Water,2016-17,33490456.11,3956000.0,0.11812320462302596
Yarra Valley Water,2017-18,34763888.89,4880000.0,0.14037554933630442
Yarra Valley Water,2018-19,27734000.0,5501000.0,0.198
Yarra Valley Water,2019-20,19972000.0,4028000.0,0.20168235529741638
Yarra Valley Water,2020-21,28788000.0,4849000.0,0.16843823815478673
Yarra Valley Water,2021-22,29321000.0,5530000.0,0.1886020258517786
Yarra Valley Water,2022-23,28291000.0,4918000.0,0.173836202325828
Yarra Valley Water,2023-24,28609000.0,5433000.0,0.1899052745639484
Yarra Valley Water,2024-25,28609000.0,6329000.0,0.22122409032122758